-- phpMyAdmin SQL Dump
-- version 4.1.4
-- http://www.phpmyadmin.net
--
-- Host: 127.0.0.1
-- Generation Time: Sep 29, 2017 at 02:40 PM
-- Server version: 5.6.15-log
-- PHP Version: 5.5.8

SET SQL_MODE = "NO_AUTO_VALUE_ON_ZERO";
SET time_zone = "+00:00";


/*!40101 SET @OLD_CHARACTER_SET_CLIENT=@@CHARACTER_SET_CLIENT */;
/*!40101 SET @OLD_CHARACTER_SET_RESULTS=@@CHARACTER_SET_RESULTS */;
/*!40101 SET @OLD_COLLATION_CONNECTION=@@COLLATION_CONNECTION */;
/*!40101 SET NAMES utf8 */;

--
-- Database: `aims_tonal`
--

-- --------------------------------------------------------

--
-- Table structure for table `ci_sessions`
--

CREATE TABLE IF NOT EXISTS `ci_sessions` (
  `id` varchar(40) NOT NULL,
  `ip_address` varchar(45) NOT NULL,
  `timestamp` int(10) unsigned NOT NULL DEFAULT '0',
  `data` blob NOT NULL,
  KEY `ci_sessions_timestamp` (`timestamp`)
) ENGINE=InnoDB DEFAULT CHARSET=utf8;

--
-- Dumping data for table `ci_sessions`
--

INSERT INTO `ci_sessions` (`id`, `ip_address`, `timestamp`, `data`) VALUES
('a9a8fe954cf2593a42acd04b3a4a39cdd5f9586e', '127.0.0.1', 1506583405, 0x5f5f63695f6c6173745f726567656e65726174657c693a313530363538333133343b456d706c6f79656549447c733a313a2234223b456d706c6f796565464e616d657c733a333a22646576223b456d706c6f7965654c4e616d657c733a343a2274657374223b456d706c6f796565526f6c657c733a353a2261646d696e223b),
('885d0678c92197cb4a040d01aa0731c1993947c7', '127.0.0.1', 1506583691, 0x5f5f63695f6c6173745f726567656e65726174657c693a313530363538333533393b456d706c6f79656549447c733a313a2234223b456d706c6f796565464e616d657c733a333a22646576223b456d706c6f7965654c4e616d657c733a343a2274657374223b456d706c6f796565526f6c657c733a353a2261646d696e223b),
('16807c9a072978dcd022b13059dcb983f29d3a75', '127.0.0.1', 1506586938, 0x5f5f63695f6c6173745f726567656e65726174657c693a313530363538363933383b456d706c6f79656549447c733a313a2234223b456d706c6f796565464e616d657c733a333a22646576223b456d706c6f7965654c4e616d657c733a343a2274657374223b456d706c6f796565526f6c657c733a353a2261646d696e223b),
('765f47a405e736ac3c89c763c8a1eac54807b784', '127.0.0.1', 1506587547, 0x5f5f63695f6c6173745f726567656e65726174657c693a313530363538373237373b456d706c6f79656549447c733a313a2234223b456d706c6f796565464e616d657c733a333a22646576223b456d706c6f7965654c4e616d657c733a343a2274657374223b456d706c6f796565526f6c657c733a353a2261646d696e223b),
('de063f1a643371c164be78bd060700267744d211', '127.0.0.1', 1506587810, 0x5f5f63695f6c6173745f726567656e65726174657c693a313530363538373538323b456d706c6f79656549447c733a313a2234223b456d706c6f796565464e616d657c733a333a22646576223b456d706c6f7965654c4e616d657c733a343a2274657374223b456d706c6f796565526f6c657c733a353a2261646d696e223b),
('c11fc94566dc75a89bfc0a55cb46590b44e8810a', '127.0.0.1', 1506588171, 0x5f5f63695f6c6173745f726567656e65726174657c693a313530363538373933333b456d706c6f79656549447c733a313a2234223b456d706c6f796565464e616d657c733a333a22646576223b456d706c6f7965654c4e616d657c733a343a2274657374223b456d706c6f796565526f6c657c733a353a2261646d696e223b),
('5df281a45ce379789059b4970270d9889803eaa9', '127.0.0.1', 1506588614, 0x5f5f63695f6c6173745f726567656e65726174657c693a313530363538383336343b456d706c6f79656549447c733a313a2234223b456d706c6f796565464e616d657c733a333a22646576223b456d706c6f7965654c4e616d657c733a343a2274657374223b456d706c6f796565526f6c657c733a353a2261646d696e223b),
('ebd87d3404b955d2b37f6816db77f1a76607f501', '127.0.0.1', 1506588918, 0x5f5f63695f6c6173745f726567656e65726174657c693a313530363538383637353b456d706c6f79656549447c733a313a2234223b456d706c6f796565464e616d657c733a333a22646576223b456d706c6f7965654c4e616d657c733a343a2274657374223b456d706c6f796565526f6c657c733a353a2261646d696e223b),
('1ae9a82aac413d2ed04ec6bfc930832718128074', '127.0.0.1', 1506589107, 0x5f5f63695f6c6173745f726567656e65726174657c693a313530363538393030303b456d706c6f79656549447c733a313a2234223b456d706c6f796565464e616d657c733a333a22646576223b456d706c6f7965654c4e616d657c733a343a2274657374223b456d706c6f796565526f6c657c733a353a2261646d696e223b),
('c63108ba945ff2a6c7ef18c30c3c511869bb4a2f', '127.0.0.1', 1506589327, 0x5f5f63695f6c6173745f726567656e65726174657c693a313530363538393332373b456d706c6f79656549447c733a313a2234223b456d706c6f796565464e616d657c733a333a22646576223b456d706c6f7965654c4e616d657c733a343a2274657374223b456d706c6f796565526f6c657c733a353a2261646d696e223b),
('84c9d62bb8e491c439a7736c91e5d57322e7b9fb', '127.0.0.1', 1506589938, 0x5f5f63695f6c6173745f726567656e65726174657c693a313530363538393636373b456d706c6f79656549447c733a313a2234223b456d706c6f796565464e616d657c733a333a22646576223b456d706c6f7965654c4e616d657c733a343a2274657374223b456d706c6f796565526f6c657c733a353a2261646d696e223b),
('e0dbbed37a637b6c39f7004375209960c85bda73', '127.0.0.1', 1506590339, 0x5f5f63695f6c6173745f726567656e65726174657c693a313530363539303031373b456d706c6f79656549447c733a313a2234223b456d706c6f796565464e616d657c733a333a22646576223b456d706c6f7965654c4e616d657c733a343a2274657374223b456d706c6f796565526f6c657c733a353a2261646d696e223b),
('0c6da054fe4ced27fcd2a2f7db032a1483edc615', '127.0.0.1', 1506590476, 0x5f5f63695f6c6173745f726567656e65726174657c693a313530363539303336353b),
('082ce5f04b5363281ce7a08ae80b04de8a6429ef', '127.0.0.1', 1506591121, 0x5f5f63695f6c6173745f726567656e65726174657c693a313530363539303838353b456d706c6f79656549447c733a313a2234223b456d706c6f796565464e616d657c733a333a22646576223b456d706c6f7965654c4e616d657c733a343a2274657374223b456d706c6f796565526f6c657c733a353a2261646d696e223b),
('5ad2e1fcdfb27f80cfca1e70a3018919b36fc0f3', '127.0.0.1', 1506591749, 0x5f5f63695f6c6173745f726567656e65726174657c693a313530363539313433373b),
('5ad2e1fcdfb27f80cfca1e70a3018919b36fc0f3', '127.0.0.1', 1506591749, 0x5f5f63695f6c6173745f726567656e65726174657c693a313530363539313432323b456d706c6f79656549447c733a313a2234223b456d706c6f796565464e616d657c733a333a22646576223b456d706c6f7965654c4e616d657c733a343a2274657374223b456d706c6f796565526f6c657c733a353a2261646d696e223b),
('7d67cd58e67ecf19ea2bc41f931cc6febb01769f', '127.0.0.1', 1506592134, 0x5f5f63695f6c6173745f726567656e65726174657c693a313530363539313833373b),
('5246c46d6845cd6a0f775f0da4d22445c974b231', '127.0.0.1', 1506592148, 0x5f5f63695f6c6173745f726567656e65726174657c693a313530363539323134383b),
('b9c4029b439c16b16a12df014c50a2972f11ab82', '127.0.0.1', 1506592556, 0x5f5f63695f6c6173745f726567656e65726174657c693a313530363539323437393b456d706c6f79656549447c733a313a2234223b456d706c6f796565464e616d657c733a333a22646576223b456d706c6f7965654c4e616d657c733a343a2274657374223b456d706c6f796565526f6c657c733a353a2261646d696e223b),
('f81b968ca32f540f54d1d989b3fb0a8b47dab947', '127.0.0.1', 1506593560, 0x5f5f63695f6c6173745f726567656e65726174657c693a313530363539333335343b456d706c6f79656549447c733a313a2234223b456d706c6f796565464e616d657c733a333a22646576223b456d706c6f7965654c4e616d657c733a343a2274657374223b456d706c6f796565526f6c657c733a353a2261646d696e223b),
('6175bdd04b6a8472aeb774f1e137e9e7a6120c93', '127.0.0.1', 1506593907, 0x5f5f63695f6c6173745f726567656e65726174657c693a313530363539333736323b456d706c6f79656549447c733a313a2234223b456d706c6f796565464e616d657c733a333a22646576223b456d706c6f7965654c4e616d657c733a343a2274657374223b456d706c6f796565526f6c657c733a353a2261646d696e223b),
('801fa581a1284593dea8460ae3563e3190913454', '127.0.0.1', 1506594167, 0x5f5f63695f6c6173745f726567656e65726174657c693a313530363539343135353b456d706c6f79656549447c733a313a2234223b456d706c6f796565464e616d657c733a333a22646576223b456d706c6f7965654c4e616d657c733a343a2274657374223b456d706c6f796565526f6c657c733a353a2261646d696e223b),
('fb18bcb76a1301632f4bac77d3b798c4a117a7b2', '127.0.0.1', 1506594859, 0x5f5f63695f6c6173745f726567656e65726174657c693a313530363539343634353b456d706c6f79656549447c733a313a2234223b456d706c6f796565464e616d657c733a333a22646576223b456d706c6f7965654c4e616d657c733a343a2274657374223b456d706c6f796565526f6c657c733a353a2261646d696e223b557365724e616d657c733a363a226e617665656e223b4c6173744e616d657c733a333a22736565223b47656e6465727c733a363a2246656d616c65223b5573657249447c733a323a223130223b),
('8a478b36909fc3680703a2b4ccbe91b2c2d95aad', '127.0.0.1', 1506595249, 0x5f5f63695f6c6173745f726567656e65726174657c693a313530363539353031333b456d706c6f79656549447c733a313a2234223b456d706c6f796565464e616d657c733a333a22646576223b456d706c6f7965654c4e616d657c733a343a2274657374223b456d706c6f796565526f6c657c733a353a2261646d696e223b557365724e616d657c733a363a226e617665656e223b4c6173744e616d657c733a333a22736565223b47656e6465727c733a363a2246656d616c65223b5573657249447c733a323a223130223b),
('5617ae4b3bda29dcd2ba07a30ae97289bcb140b2', '127.0.0.1', 1506595347, 0x5f5f63695f6c6173745f726567656e65726174657c693a313530363539353333393b456d706c6f79656549447c733a313a2234223b456d706c6f796565464e616d657c733a333a22646576223b456d706c6f7965654c4e616d657c733a343a2274657374223b456d706c6f796565526f6c657c733a353a2261646d696e223b557365724e616d657c733a363a226e617665656e223b4c6173744e616d657c733a333a22736565223b47656e6465727c733a363a2246656d616c65223b5573657249447c733a323a223130223b),
('23202b09b623a23b78ab8b7e087e085644a2ffa3', '127.0.0.1', 1506596041, 0x5f5f63695f6c6173745f726567656e65726174657c693a313530363539353737333b456d706c6f79656549447c733a313a2234223b456d706c6f796565464e616d657c733a333a22646576223b456d706c6f7965654c4e616d657c733a343a2274657374223b456d706c6f796565526f6c657c733a353a2261646d696e223b557365724e616d657c733a363a226e617665656e223b4c6173744e616d657c733a333a22736565223b47656e6465727c733a363a2246656d616c65223b5573657249447c733a323a223130223b),
('cbdf7063b357d55f59eff53bb5c0d81b6ccac8f1', '127.0.0.1', 1506596388, 0x5f5f63695f6c6173745f726567656e65726174657c693a313530363539363039383b456d706c6f79656549447c733a313a2234223b456d706c6f796565464e616d657c733a333a22646576223b456d706c6f7965654c4e616d657c733a343a2274657374223b456d706c6f796565526f6c657c733a353a2261646d696e223b557365724e616d657c733a363a226e617665656e223b4c6173744e616d657c733a333a22736565223b47656e6465727c733a363a2246656d616c65223b5573657249447c733a323a223130223b),
('928cbe7431031d7461f209ed927a54254b9605e0', '127.0.0.1', 1506596406, 0x5f5f63695f6c6173745f726567656e65726174657c693a313530363539363430303b456d706c6f79656549447c733a313a2234223b456d706c6f796565464e616d657c733a333a22646576223b456d706c6f7965654c4e616d657c733a343a2274657374223b456d706c6f796565526f6c657c733a353a2261646d696e223b557365724e616d657c733a363a226e617665656e223b4c6173744e616d657c733a333a22736565223b47656e6465727c733a363a2246656d616c65223b5573657249447c733a323a223130223b),
('d8fc58c1fc3578675c6c33c94c58a3702ec64958', '127.0.0.1', 1506596968, 0x5f5f63695f6c6173745f726567656e65726174657c693a313530363539363833383b456d706c6f79656549447c733a313a2234223b456d706c6f796565464e616d657c733a333a22646576223b456d706c6f7965654c4e616d657c733a343a2274657374223b456d706c6f796565526f6c657c733a353a2261646d696e223b557365724e616d657c733a363a226e617665656e223b4c6173744e616d657c733a333a22736565223b47656e6465727c733a363a2246656d616c65223b5573657249447c733a323a223130223b),
('29934b7a19dd9e812cff70d31c326dabb6f14a67', '127.0.0.1', 1506597471, 0x5f5f63695f6c6173745f726567656e65726174657c693a313530363539373331363b456d706c6f79656549447c733a313a2234223b456d706c6f796565464e616d657c733a333a22646576223b456d706c6f7965654c4e616d657c733a343a2274657374223b456d706c6f796565526f6c657c733a353a2261646d696e223b557365724e616d657c733a363a226e617665656e223b4c6173744e616d657c733a333a22736565223b47656e6465727c733a363a2246656d616c65223b5573657249447c733a323a223130223b),
('4815d60cbd8183ea1ef1f5837386e18173a585f9', '127.0.0.1', 1506597771, 0x5f5f63695f6c6173745f726567656e65726174657c693a313530363539373632323b456d706c6f79656549447c733a313a2234223b456d706c6f796565464e616d657c733a333a22646576223b456d706c6f7965654c4e616d657c733a343a2274657374223b456d706c6f796565526f6c657c733a353a2261646d696e223b557365724e616d657c733a363a226e617665656e223b4c6173744e616d657c733a333a22736565223b47656e6465727c733a363a2246656d616c65223b5573657249447c733a323a223130223b),
('37e207dd8e23abdb7b71c9a778b69b0efe90dc3a', '127.0.0.1', 1506597944, 0x5f5f63695f6c6173745f726567656e65726174657c693a313530363539373934303b456d706c6f79656549447c733a313a2234223b456d706c6f796565464e616d657c733a333a22646576223b456d706c6f7965654c4e616d657c733a343a2274657374223b456d706c6f796565526f6c657c733a353a2261646d696e223b557365724e616d657c733a363a226e617665656e223b4c6173744e616d657c733a333a22736565223b47656e6465727c733a363a2246656d616c65223b5573657249447c733a323a223130223b),
('3be30c6ee476966567ca6e7d08866cb5a3ccf34a', '127.0.0.1', 1506598551, 0x5f5f63695f6c6173745f726567656e65726174657c693a313530363539383333353b456d706c6f79656549447c733a313a2234223b456d706c6f796565464e616d657c733a333a22646576223b456d706c6f7965654c4e616d657c733a343a2274657374223b456d706c6f796565526f6c657c733a353a2261646d696e223b557365724e616d657c733a363a226e617665656e223b4c6173744e616d657c733a333a22736565223b47656e6465727c733a363a2246656d616c65223b5573657249447c733a323a223130223b),
('3ed6111273088986c2f7daa6a684383836d2162b', '127.0.0.1', 1506599013, 0x5f5f63695f6c6173745f726567656e65726174657c693a313530363539383830343b456d706c6f79656549447c733a313a2234223b456d706c6f796565464e616d657c733a333a22646576223b456d706c6f7965654c4e616d657c733a343a2274657374223b456d706c6f796565526f6c657c733a353a2261646d696e223b557365724e616d657c733a363a226e617665656e223b4c6173744e616d657c733a333a22736565223b47656e6465727c733a363a2246656d616c65223b5573657249447c733a323a223130223b),
('84cc383a29aef92110a45101ddc073e92a1f921c', '127.0.0.1', 1506599317, 0x5f5f63695f6c6173745f726567656e65726174657c693a313530363539393132363b456d706c6f79656549447c733a313a2234223b456d706c6f796565464e616d657c733a333a22646576223b456d706c6f7965654c4e616d657c733a343a2274657374223b456d706c6f796565526f6c657c733a353a2261646d696e223b557365724e616d657c733a363a226e617665656e223b4c6173744e616d657c733a333a22736565223b47656e6465727c733a363a2246656d616c65223b5573657249447c733a323a223130223b),
('f7f3c3df5a91863ab4f2442437dcd2cdea1f76f8', '127.0.0.1', 1506599764, 0x5f5f63695f6c6173745f726567656e65726174657c693a313530363539393436393b456d706c6f79656549447c733a313a2234223b456d706c6f796565464e616d657c733a333a22646576223b456d706c6f7965654c4e616d657c733a343a2274657374223b456d706c6f796565526f6c657c733a353a2261646d696e223b557365724e616d657c733a363a226e617665656e223b4c6173744e616d657c733a333a22736565223b47656e6465727c733a363a2246656d616c65223b5573657249447c733a323a223130223b),
('4bce3de6df1908e46aa07428650b719ddcb0d44e', '127.0.0.1', 1506600160, 0x5f5f63695f6c6173745f726567656e65726174657c693a313530363539393838313b456d706c6f79656549447c733a313a2234223b456d706c6f796565464e616d657c733a333a22646576223b456d706c6f7965654c4e616d657c733a343a2274657374223b456d706c6f796565526f6c657c733a353a2261646d696e223b557365724e616d657c733a363a226e617665656e223b4c6173744e616d657c733a333a22736565223b47656e6465727c733a363a2246656d616c65223b5573657249447c733a323a223130223b),
('33a7138a1622dfcae8a74a716cade4614e236aaa', '127.0.0.1', 1506600584, 0x5f5f63695f6c6173745f726567656e65726174657c693a313530363630303239383b456d706c6f79656549447c733a313a2234223b456d706c6f796565464e616d657c733a333a22646576223b456d706c6f7965654c4e616d657c733a343a2274657374223b456d706c6f796565526f6c657c733a353a2261646d696e223b557365724e616d657c733a363a226e617665656e223b4c6173744e616d657c733a333a22736565223b47656e6465727c733a363a2246656d616c65223b5573657249447c733a323a223130223b4572726f72737c733a34323a2250617373776f7264206973206e6f74206d61746368696e67207769746820746865207265636f7264732e223b5f5f63695f766172737c613a313a7b733a363a224572726f7273223b733a333a226f6c64223b7d),
('ef67ee0f048fd9ca527f55b919149efa46fbf6b3', '127.0.0.1', 1506600748, 0x5f5f63695f6c6173745f726567656e65726174657c693a313530363630303630303b456d706c6f79656549447c733a313a2234223b456d706c6f796565464e616d657c733a333a22646576223b456d706c6f7965654c4e616d657c733a343a2274657374223b456d706c6f796565526f6c657c733a353a2261646d696e223b557365724e616d657c733a363a226e617665656e223b4c6173744e616d657c733a333a22736565223b47656e6465727c733a363a2246656d616c65223b5573657249447c733a323a223130223b),
('74c0f072334be3558ca77ad82a8de29ac3fa00d7', '127.0.0.1', 1506601248, 0x5f5f63695f6c6173745f726567656e65726174657c693a313530363630303936333b456d706c6f79656549447c733a313a2234223b456d706c6f796565464e616d657c733a333a22646576223b456d706c6f7965654c4e616d657c733a343a2274657374223b456d706c6f796565526f6c657c733a353a2261646d696e223b557365724e616d657c733a363a226e617665656e223b4c6173744e616d657c733a333a22736565223b47656e6465727c733a363a2246656d616c65223b5573657249447c733a323a223130223b),
('a2c716396102f9ce3fbc0321d1dc9e4ebe83a4d3', '127.0.0.1', 1506601733, 0x5f5f63695f6c6173745f726567656e65726174657c693a313530363630313433363b456d706c6f79656549447c733a313a2234223b456d706c6f796565464e616d657c733a333a22646576223b456d706c6f7965654c4e616d657c733a343a2274657374223b456d706c6f796565526f6c657c733a353a2261646d696e223b557365724e616d657c733a363a226e617665656e223b4c6173744e616d657c733a333a22736565223b47656e6465727c733a363a2246656d616c65223b5573657249447c733a323a223130223b),
('be3e768613cc653acf7b7fcec141f6bfcafde7a5', '127.0.0.1', 1506601789, 0x5f5f63695f6c6173745f726567656e65726174657c693a313530363630313736313b456d706c6f79656549447c733a313a2234223b456d706c6f796565464e616d657c733a333a22646576223b456d706c6f7965654c4e616d657c733a343a2274657374223b456d706c6f796565526f6c657c733a353a2261646d696e223b557365724e616d657c733a363a226e617665656e223b4c6173744e616d657c733a333a22736565223b47656e6465727c733a363a2246656d616c65223b5573657249447c733a323a223130223b),
('44d5f5423cf2740a845b3a0a3ef7b10dbaf8df46', '127.0.0.1', 1506602324, 0x5f5f63695f6c6173745f726567656e65726174657c693a313530363630323332303b456d706c6f79656549447c733a313a2234223b456d706c6f796565464e616d657c733a333a22646576223b456d706c6f7965654c4e616d657c733a343a2274657374223b456d706c6f796565526f6c657c733a353a2261646d696e223b557365724e616d657c733a363a226e617665656e223b4c6173744e616d657c733a333a22736565223b47656e6465727c733a363a2246656d616c65223b5573657249447c733a323a223130223b),
('5a4813ff56b1fd9cf1b333750086a6fac4d9b4dc', '127.0.0.1', 1506603207, 0x5f5f63695f6c6173745f726567656e65726174657c693a313530363630323935313b456d706c6f79656549447c733a313a2234223b456d706c6f796565464e616d657c733a333a22646576223b456d706c6f7965654c4e616d657c733a343a2274657374223b456d706c6f796565526f6c657c733a353a2261646d696e223b557365724e616d657c733a363a226e617665656e223b4c6173744e616d657c733a333a22736565223b47656e6465727c733a363a2246656d616c65223b5573657249447c733a323a223130223b),
('cd4c807b2b54f1105ec2c78f855bda62c63e2655', '127.0.0.1', 1506603470, 0x5f5f63695f6c6173745f726567656e65726174657c693a313530363630333335343b456d706c6f79656549447c733a313a2234223b456d706c6f796565464e616d657c733a333a22646576223b456d706c6f7965654c4e616d657c733a343a2274657374223b456d706c6f796565526f6c657c733a353a2261646d696e223b557365724e616d657c733a363a226e617665656e223b4c6173744e616d657c733a333a22736565223b47656e6465727c733a363a2246656d616c65223b5573657249447c733a323a223130223b),
('b50512481c700af198e09c32cff6423bf66b475a', '127.0.0.1', 1506603928, 0x5f5f63695f6c6173745f726567656e65726174657c693a313530363630333834383b456d706c6f79656549447c733a313a2234223b456d706c6f796565464e616d657c733a333a22646576223b456d706c6f7965654c4e616d657c733a343a2274657374223b456d706c6f796565526f6c657c733a353a2261646d696e223b557365724e616d657c733a363a226e617665656e223b4c6173744e616d657c733a333a22736565223b47656e6465727c733a363a2246656d616c65223b5573657249447c733a323a223130223b),
('963744261aa3c51c9a2605565e54cfa72b6ca7e2', '127.0.0.1', 1506657554, 0x5f5f63695f6c6173745f726567656e65726174657c693a313530363635373238323b456d706c6f79656549447c733a313a2234223b456d706c6f796565464e616d657c733a333a22646576223b456d706c6f7965654c4e616d657c733a343a2274657374223b456d706c6f796565526f6c657c733a353a2261646d696e223b),
('6e9c10547576cb69d1a1dac8c8438c73fbfd7195', '127.0.0.1', 1506657681, 0x5f5f63695f6c6173745f726567656e65726174657c693a313530363635373637353b456d706c6f79656549447c733a313a2234223b456d706c6f796565464e616d657c733a333a22646576223b456d706c6f7965654c4e616d657c733a343a2274657374223b456d706c6f796565526f6c657c733a353a2261646d696e223b),
('ee34b5563eb1143bd465fd9bab49a5a070e8d1e1', '127.0.0.1', 1506658253, 0x5f5f63695f6c6173745f726567656e65726174657c693a313530363635373937373b456d706c6f79656549447c733a313a2234223b456d706c6f796565464e616d657c733a333a22646576223b456d706c6f7965654c4e616d657c733a343a2274657374223b456d706c6f796565526f6c657c733a353a2261646d696e223b),
('b531ee7df74fb6e6551afe8355c2465e48c2c9eb', '127.0.0.1', 1506658624, 0x5f5f63695f6c6173745f726567656e65726174657c693a313530363635383336363b456d706c6f79656549447c733a313a2234223b456d706c6f796565464e616d657c733a333a22646576223b456d706c6f7965654c4e616d657c733a343a2274657374223b456d706c6f796565526f6c657c733a353a2261646d696e223b),
('0cd081fb1287dfca94b873e1fc175e8832a1fcea', '127.0.0.1', 1506658987, 0x5f5f63695f6c6173745f726567656e65726174657c693a313530363635383639323b456d706c6f79656549447c733a313a2234223b456d706c6f796565464e616d657c733a333a22646576223b456d706c6f7965654c4e616d657c733a343a2274657374223b456d706c6f796565526f6c657c733a353a2261646d696e223b),
('422a22bf58d7f751b69c98c3841ae1a326b2580b', '127.0.0.1', 1506659160, 0x5f5f63695f6c6173745f726567656e65726174657c693a313530363635393035303b456d706c6f79656549447c733a313a2234223b456d706c6f796565464e616d657c733a333a22646576223b456d706c6f7965654c4e616d657c733a343a2274657374223b456d706c6f796565526f6c657c733a353a2261646d696e223b),
('1a8539f735a18f137041696300a8bbc4c8e1bb37', '127.0.0.1', 1506659650, 0x5f5f63695f6c6173745f726567656e65726174657c693a313530363635393435313b456d706c6f79656549447c733a313a2234223b456d706c6f796565464e616d657c733a333a22646576223b456d706c6f7965654c4e616d657c733a343a2274657374223b456d706c6f796565526f6c657c733a353a2261646d696e223b),
('48b6a1b1ea5a3abcca0f484be70559fed74324f3', '127.0.0.1', 1506659792, 0x5f5f63695f6c6173745f726567656e65726174657c693a313530363635393738393b456d706c6f79656549447c733a313a2234223b456d706c6f796565464e616d657c733a333a22646576223b456d706c6f7965654c4e616d657c733a343a2274657374223b456d706c6f796565526f6c657c733a353a2261646d696e223b),
('cd9894e9f569a7eefbfff98bb005d713aad83523', '127.0.0.1', 1506660630, 0x5f5f63695f6c6173745f726567656e65726174657c693a313530363636303338303b456d706c6f79656549447c733a313a2234223b456d706c6f796565464e616d657c733a333a22646576223b456d706c6f7965654c4e616d657c733a343a2274657374223b456d706c6f796565526f6c657c733a353a2261646d696e223b),
('3d9bdfb6bba7d3024174497eb001c50051eaad16', '127.0.0.1', 1506661361, 0x5f5f63695f6c6173745f726567656e65726174657c693a313530363636313134383b456d706c6f79656549447c733a313a2234223b456d706c6f796565464e616d657c733a333a22646576223b456d706c6f7965654c4e616d657c733a343a2274657374223b456d706c6f796565526f6c657c733a353a2261646d696e223b),
('04f7ae83bbf8835d1f053e559fb2555128fd7825', '127.0.0.1', 1506661693, 0x5f5f63695f6c6173745f726567656e65726174657c693a313530363636313438323b456d706c6f79656549447c733a313a2234223b456d706c6f796565464e616d657c733a333a22646576223b456d706c6f7965654c4e616d657c733a343a2274657374223b456d706c6f796565526f6c657c733a353a2261646d696e223b),
('76a61a0877d6fbb5111ffba977e42a811e39feea', '127.0.0.1', 1506661812, 0x5f5f63695f6c6173745f726567656e65726174657c693a313530363636313830373b456d706c6f79656549447c733a313a2234223b456d706c6f796565464e616d657c733a333a22646576223b456d706c6f7965654c4e616d657c733a343a2274657374223b456d706c6f796565526f6c657c733a353a2261646d696e223b),
('41c202bd1b61de5a8515145056352ae7f246b1e6', '127.0.0.1', 1506663922, 0x5f5f63695f6c6173745f726567656e65726174657c693a313530363636333636383b456d706c6f79656549447c733a313a2234223b456d706c6f796565464e616d657c733a333a22646576223b456d706c6f7965654c4e616d657c733a343a2274657374223b456d706c6f796565526f6c657c733a353a2261646d696e223b),
('baef563821ea2b56ade3289b97f7c995c7399a32', '127.0.0.1', 1506664075, 0x5f5f63695f6c6173745f726567656e65726174657c693a313530363636333938373b456d706c6f79656549447c733a313a2234223b456d706c6f796565464e616d657c733a333a22646576223b456d706c6f7965654c4e616d657c733a343a2274657374223b456d706c6f796565526f6c657c733a353a2261646d696e223b),
('2beef9949e5a886c2dd544f7510b1969082c466c', '127.0.0.1', 1506667654, 0x5f5f63695f6c6173745f726567656e65726174657c693a313530363636373634323b456d706c6f79656549447c733a313a2234223b456d706c6f796565464e616d657c733a333a22646576223b456d706c6f7965654c4e616d657c733a343a2274657374223b456d706c6f796565526f6c657c733a353a2261646d696e223b),
('9585486e9a023ddaee3c482300ad06faa730645c', '127.0.0.1', 1506669770, 0x5f5f63695f6c6173745f726567656e65726174657c693a313530363636393533373b456d706c6f79656549447c733a313a2234223b456d706c6f796565464e616d657c733a333a22646576223b456d706c6f7965654c4e616d657c733a343a2274657374223b456d706c6f796565526f6c657c733a353a2261646d696e223b),
('f5da9c63e4e62b76019e801727ca02cc85c9656a', '127.0.0.1', 1506670179, 0x5f5f63695f6c6173745f726567656e65726174657c693a313530363636393934353b456d706c6f79656549447c733a313a2234223b456d706c6f796565464e616d657c733a333a22646576223b456d706c6f7965654c4e616d657c733a343a2274657374223b456d706c6f796565526f6c657c733a353a2261646d696e223b),
('110a9ffbb46a0d8717a2933bc95493cff17ca107', '127.0.0.1', 1506670515, 0x5f5f63695f6c6173745f726567656e65726174657c693a313530363637303434373b456d706c6f79656549447c733a313a2234223b456d706c6f796565464e616d657c733a333a22646576223b456d706c6f7965654c4e616d657c733a343a2274657374223b456d706c6f796565526f6c657c733a353a2261646d696e223b),
('12fa076023b65fdcc822b7961b50cb53c61ac188', '127.0.0.1', 1506674537, 0x5f5f63695f6c6173745f726567656e65726174657c693a313530363637343235363b456d706c6f79656549447c733a313a2234223b456d706c6f796565464e616d657c733a333a22646576223b456d706c6f7965654c4e616d657c733a343a2274657374223b456d706c6f796565526f6c657c733a353a2261646d696e223b),
('6f4e9d4b646ad8dd7f91853d631fdaf68b343f4d', '127.0.0.1', 1506674825, 0x5f5f63695f6c6173745f726567656e65726174657c693a313530363637343537333b456d706c6f79656549447c733a313a2234223b456d706c6f796565464e616d657c733a333a22646576223b456d706c6f7965654c4e616d657c733a343a2274657374223b456d706c6f796565526f6c657c733a353a2261646d696e223b),
('39ade5beeef2aa101590a04f1e1e17ffc7fc3d68', '127.0.0.1', 1506675128, 0x5f5f63695f6c6173745f726567656e65726174657c693a313530363637343933313b456d706c6f79656549447c733a313a2234223b456d706c6f796565464e616d657c733a333a22646576223b456d706c6f7965654c4e616d657c733a343a2274657374223b456d706c6f796565526f6c657c733a353a2261646d696e223b),
('409e23e5022f05d64553afb5fcc9fa72f676f3f3', '127.0.0.1', 1506675681, 0x5f5f63695f6c6173745f726567656e65726174657c693a313530363637353432313b456d706c6f79656549447c733a313a2234223b456d706c6f796565464e616d657c733a333a22646576223b456d706c6f7965654c4e616d657c733a343a2274657374223b456d706c6f796565526f6c657c733a353a2261646d696e223b),
('da8cc044b398f8d87b8831385a08ae1dc330dc04', '127.0.0.1', 1506676032, 0x5f5f63695f6c6173745f726567656e65726174657c693a313530363637353734333b456d706c6f79656549447c733a313a2234223b456d706c6f796565464e616d657c733a333a22646576223b456d706c6f7965654c4e616d657c733a343a2274657374223b456d706c6f796565526f6c657c733a353a2261646d696e223b),
('7acac0253cffc3401aee9c20ff46b12ebcc64e89', '127.0.0.1', 1506676120, 0x5f5f63695f6c6173745f726567656e65726174657c693a313530363637363035323b456d706c6f79656549447c733a313a2234223b456d706c6f796565464e616d657c733a333a22646576223b456d706c6f7965654c4e616d657c733a343a2274657374223b456d706c6f796565526f6c657c733a353a2261646d696e223b),
('76c6c8d50c8fc578a003d1bcde03567dbda05af3', '127.0.0.1', 1506677017, 0x5f5f63695f6c6173745f726567656e65726174657c693a313530363637363738363b456d706c6f79656549447c733a313a2234223b456d706c6f796565464e616d657c733a333a22646576223b456d706c6f7965654c4e616d657c733a343a2274657374223b456d706c6f796565526f6c657c733a353a2261646d696e223b),
('b4eb6934313398396ff33c4d7fbf7c6d9609ca78', '127.0.0.1', 1506677537, 0x5f5f63695f6c6173745f726567656e65726174657c693a313530363637373236383b456d706c6f79656549447c733a313a2234223b456d706c6f796565464e616d657c733a333a22646576223b456d706c6f7965654c4e616d657c733a343a2274657374223b456d706c6f796565526f6c657c733a353a2261646d696e223b),
('22bf1cb611cecdee7d9b4b0dd02eab58eba0ef25', '127.0.0.1', 1506677742, 0x5f5f63695f6c6173745f726567656e65726174657c693a313530363637373539323b456d706c6f79656549447c733a313a2234223b456d706c6f796565464e616d657c733a333a22646576223b456d706c6f7965654c4e616d657c733a343a2274657374223b456d706c6f796565526f6c657c733a353a2261646d696e223b),
('d5db646e2aa0d5332eb2d370a5ea6294580a140b', '127.0.0.1', 1506678170, 0x5f5f63695f6c6173745f726567656e65726174657c693a313530363637373930363b456d706c6f79656549447c733a313a2234223b456d706c6f796565464e616d657c733a333a22646576223b456d706c6f7965654c4e616d657c733a343a2274657374223b456d706c6f796565526f6c657c733a353a2261646d696e223b),
('6206f6fd63e9aa496a2dd362b6e32f135313c7fb', '127.0.0.1', 1506678496, 0x5f5f63695f6c6173745f726567656e65726174657c693a313530363637383231333b456d706c6f79656549447c733a313a2234223b456d706c6f796565464e616d657c733a333a22646576223b456d706c6f7965654c4e616d657c733a343a2274657374223b456d706c6f796565526f6c657c733a353a2261646d696e223b),
('8213c6d0c3bc7d7c7ccaa9c44d402a8fcd2119a2', '127.0.0.1', 1506678797, 0x5f5f63695f6c6173745f726567656e65726174657c693a313530363637383535343b456d706c6f79656549447c733a313a2234223b456d706c6f796565464e616d657c733a333a22646576223b456d706c6f7965654c4e616d657c733a343a2274657374223b456d706c6f796565526f6c657c733a353a2261646d696e223b),
('5858257cc7103b017a5dff3cf07cdd878c0e166f', '127.0.0.1', 1506679225, 0x5f5f63695f6c6173745f726567656e65726174657c693a313530363637383934343b456d706c6f79656549447c733a313a2234223b456d706c6f796565464e616d657c733a333a22646576223b456d706c6f7965654c4e616d657c733a343a2274657374223b456d706c6f796565526f6c657c733a353a2261646d696e223b),
('fd025630045eef24d8b712688832f4ce79f5ff77', '127.0.0.1', 1506679528, 0x5f5f63695f6c6173745f726567656e65726174657c693a313530363637393334333b456d706c6f79656549447c733a313a2234223b456d706c6f796565464e616d657c733a333a22646576223b456d706c6f7965654c4e616d657c733a343a2274657374223b456d706c6f796565526f6c657c733a353a2261646d696e223b),
('553d5b1430209bc12df538f37ccc58e0d7c9014b', '127.0.0.1', 1506679771, 0x5f5f63695f6c6173745f726567656e65726174657c693a313530363637393734313b456d706c6f79656549447c733a313a2234223b456d706c6f796565464e616d657c733a333a22646576223b456d706c6f7965654c4e616d657c733a343a2274657374223b456d706c6f796565526f6c657c733a353a2261646d696e223b),
('41d2508094c43ccc0f46702b73ace44730363dcf', '127.0.0.1', 1506680338, 0x5f5f63695f6c6173745f726567656e65726174657c693a313530363638303036323b456d706c6f79656549447c733a313a2234223b456d706c6f796565464e616d657c733a333a22646576223b456d706c6f7965654c4e616d657c733a343a2274657374223b456d706c6f796565526f6c657c733a353a2261646d696e223b),
('fc69744ed0bf5cd25349e489132e0ae062424bb2', '127.0.0.1', 1506680562, 0x5f5f63695f6c6173745f726567656e65726174657c693a313530363638303430383b456d706c6f79656549447c733a313a2234223b456d706c6f796565464e616d657c733a333a22646576223b456d706c6f7965654c4e616d657c733a343a2274657374223b456d706c6f796565526f6c657c733a353a2261646d696e223b),
('515f5bba5dff7bae16683e45ce80e25c71511078', '127.0.0.1', 1506681056, 0x5f5f63695f6c6173745f726567656e65726174657c693a313530363638303736303b456d706c6f79656549447c733a313a2234223b456d706c6f796565464e616d657c733a333a22646576223b456d706c6f7965654c4e616d657c733a343a2274657374223b456d706c6f796565526f6c657c733a353a2261646d696e223b),
('0d38ef909070aa9ec719008ac97c92f0858bfba5', '127.0.0.1', 1506681616, 0x5f5f63695f6c6173745f726567656e65726174657c693a313530363638313332323b456d706c6f79656549447c733a313a2234223b456d706c6f796565464e616d657c733a333a22646576223b456d706c6f7965654c4e616d657c733a343a2274657374223b456d706c6f796565526f6c657c733a353a2261646d696e223b),
('a060d1ee18023912c044b1370e6893cd48619016', '127.0.0.1', 1506681965, 0x5f5f63695f6c6173745f726567656e65726174657c693a313530363638313733313b456d706c6f79656549447c733a313a2234223b456d706c6f796565464e616d657c733a333a22646576223b456d706c6f7965654c4e616d657c733a343a2274657374223b456d706c6f796565526f6c657c733a353a2261646d696e223b),
('7f8b6bb55dd87ae9ca2ccbb19381d95611467e99', '127.0.0.1', 1506682191, 0x5f5f63695f6c6173745f726567656e65726174657c693a313530363638323038353b456d706c6f79656549447c733a313a2234223b456d706c6f796565464e616d657c733a333a22646576223b456d706c6f7965654c4e616d657c733a343a2274657374223b456d706c6f796565526f6c657c733a353a2261646d696e223b),
('35d618ddfd711c87b60a747c72316f2f72c5adc5', '127.0.0.1', 1506682700, 0x5f5f63695f6c6173745f726567656e65726174657c693a313530363638323430303b456d706c6f79656549447c733a313a2234223b456d706c6f796565464e616d657c733a333a22646576223b456d706c6f7965654c4e616d657c733a343a2274657374223b456d706c6f796565526f6c657c733a353a2261646d696e223b),
('fa99d36596f94ad2e4b4fff3194ad91bff47297e', '127.0.0.1', 1506683016, 0x5f5f63695f6c6173745f726567656e65726174657c693a313530363638323732393b456d706c6f79656549447c733a313a2234223b456d706c6f796565464e616d657c733a333a22646576223b456d706c6f7965654c4e616d657c733a343a2274657374223b456d706c6f796565526f6c657c733a353a2261646d696e223b),
('4e060854f2a172f397f5e9865b2136982bd43c22', '127.0.0.1', 1506683354, 0x5f5f63695f6c6173745f726567656e65726174657c693a313530363638333036333b456d706c6f79656549447c733a313a2234223b456d706c6f796565464e616d657c733a333a22646576223b456d706c6f7965654c4e616d657c733a343a2274657374223b456d706c6f796565526f6c657c733a353a2261646d696e223b),
('1c69b2d61681594d0c3393663dd62d74f70210c1', '127.0.0.1', 1506683636, 0x5f5f63695f6c6173745f726567656e65726174657c693a313530363638333531313b456d706c6f79656549447c733a313a2234223b456d706c6f796565464e616d657c733a333a22646576223b456d706c6f7965654c4e616d657c733a343a2274657374223b456d706c6f796565526f6c657c733a353a2261646d696e223b),
('53319a90789355850290a098ff1628cbca72f375', '127.0.0.1', 1506684341, 0x5f5f63695f6c6173745f726567656e65726174657c693a313530363638343034323b456d706c6f79656549447c733a313a2234223b456d706c6f796565464e616d657c733a333a22646576223b456d706c6f7965654c4e616d657c733a343a2274657374223b456d706c6f796565526f6c657c733a353a2261646d696e223b),
('b2f22dec94ecb9938609d9ee30749d69e3312560', '127.0.0.1', 1506684536, 0x5f5f63695f6c6173745f726567656e65726174657c693a313530363638343433303b456d706c6f79656549447c733a313a2234223b456d706c6f796565464e616d657c733a333a22646576223b456d706c6f7965654c4e616d657c733a343a2274657374223b456d706c6f796565526f6c657c733a353a2261646d696e223b),
('a668b4edaf6a13b3be7cfae5d57c30f85184e1a3', '127.0.0.1', 1506684897, 0x5f5f63695f6c6173745f726567656e65726174657c693a313530363638343733323b456d706c6f79656549447c733a313a2234223b456d706c6f796565464e616d657c733a333a22646576223b456d706c6f7965654c4e616d657c733a343a2274657374223b456d706c6f796565526f6c657c733a353a2261646d696e223b),
('83b42e9d3b5df7b6bbe074279d6dabfe8e2e7a8c', '127.0.0.1', 1506685316, 0x5f5f63695f6c6173745f726567656e65726174657c693a313530363638353036363b456d706c6f79656549447c733a313a2234223b456d706c6f796565464e616d657c733a333a22646576223b456d706c6f7965654c4e616d657c733a343a2274657374223b456d706c6f796565526f6c657c733a353a2261646d696e223b),
('09afae9cdcb453e405ec7f04d33f585b5217281c', '127.0.0.1', 1506685681, 0x5f5f63695f6c6173745f726567656e65726174657c693a313530363638353338353b456d706c6f79656549447c733a313a2234223b456d706c6f796565464e616d657c733a333a22646576223b456d706c6f7965654c4e616d657c733a343a2274657374223b456d706c6f796565526f6c657c733a353a2261646d696e223b),
('c4f3ea86e87c8647093fd641d4838647949a6186', '127.0.0.1', 1506686009, 0x5f5f63695f6c6173745f726567656e65726174657c693a313530363638353739363b456d706c6f79656549447c733a313a2234223b456d706c6f796565464e616d657c733a333a22646576223b456d706c6f7965654c4e616d657c733a343a2274657374223b456d706c6f796565526f6c657c733a353a2261646d696e223b),
('1b0ac2c17bd6528b79b3e8164e1b7bdaaad945ac', '127.0.0.1', 1506686401, 0x5f5f63695f6c6173745f726567656e65726174657c693a313530363638363130373b456d706c6f79656549447c733a313a2234223b456d706c6f796565464e616d657c733a333a22646576223b456d706c6f7965654c4e616d657c733a343a2274657374223b456d706c6f796565526f6c657c733a353a2261646d696e223b),
('103bb45f9dee781bbceae1a36a048a4d628b5eed', '127.0.0.1', 1506686737, 0x5f5f63695f6c6173745f726567656e65726174657c693a313530363638363436303b456d706c6f79656549447c733a313a2234223b456d706c6f796565464e616d657c733a333a22646576223b456d706c6f7965654c4e616d657c733a343a2274657374223b456d706c6f796565526f6c657c733a353a2261646d696e223b),
('daadeab669566ec177dd5d190496227c2f0041a0', '127.0.0.1', 1506687058, 0x5f5f63695f6c6173745f726567656e65726174657c693a313530363638363737383b456d706c6f79656549447c733a313a2234223b456d706c6f796565464e616d657c733a333a22646576223b456d706c6f7965654c4e616d657c733a343a2274657374223b456d706c6f796565526f6c657c733a353a2261646d696e223b),
('e0ad7bda70fe084568d4d363124148d52678e823', '127.0.0.1', 1506687415, 0x5f5f63695f6c6173745f726567656e65726174657c693a313530363638373134303b456d706c6f79656549447c733a313a2234223b456d706c6f796565464e616d657c733a333a22646576223b456d706c6f7965654c4e616d657c733a343a2274657374223b456d706c6f796565526f6c657c733a353a2261646d696e223b),
('ae0f0b92cb489a2ff8d6e4ed7a94117ef7101220', '127.0.0.1', 1506687791, 0x5f5f63695f6c6173745f726567656e65726174657c693a313530363638373439313b456d706c6f79656549447c733a313a2234223b456d706c6f796565464e616d657c733a333a22646576223b456d706c6f7965654c4e616d657c733a343a2274657374223b456d706c6f796565526f6c657c733a353a2261646d696e223b),
('890921430f8b92a0bcba5bb026b18f456b6f2839', '127.0.0.1', 1506688077, 0x5f5f63695f6c6173745f726567656e65726174657c693a313530363638373830303b456d706c6f79656549447c733a313a2234223b456d706c6f796565464e616d657c733a333a22646576223b456d706c6f7965654c4e616d657c733a343a2274657374223b456d706c6f796565526f6c657c733a353a2261646d696e223b);

-- --------------------------------------------------------

--
-- Table structure for table `employees`
--

CREATE TABLE IF NOT EXISTS `employees` (
  `id` int(11) NOT NULL AUTO_INCREMENT,
  `firstname` varchar(25) NOT NULL,
  `lastname` varchar(25) NOT NULL,
  `username` varchar(25) NOT NULL,
  `passwd` varchar(50) NOT NULL,
  `avathar` varchar(100) DEFAULT NULL,
  `addeddate` datetime DEFAULT NULL,
  `role` varchar(5) NOT NULL,
  `active` tinyint(1) DEFAULT NULL,
  PRIMARY KEY (`id`),
  UNIQUE KEY `username` (`username`)
) ENGINE=InnoDB  DEFAULT CHARSET=utf8 AUTO_INCREMENT=6 ;

--
-- Dumping data for table `employees`
--

INSERT INTO `employees` (`id`, `firstname`, `lastname`, `username`, `passwd`, `avathar`, `addeddate`, `role`, `active`) VALUES
(3, 'aims', 'admin', 'aimadmin', '534bd18ed33f9386e42a3f33cad6dcc3', NULL, '2016-08-20 00:00:00', '', 1),
(4, 'dev', 'test', 'devtest', '90578217a199f05f32833d8ced80fb2e', 'NULL', '2016-08-20 00:00:00', 'admin', 1),
(5, 'test', 'dev', 'testdev', '90578217a199f05f32833d8ced80fb2e', 'NULL', '2016-08-20 00:00:00', 'staff', 1);

-- --------------------------------------------------------

--
-- Table structure for table `pitch_certile_scores`
--

CREATE TABLE IF NOT EXISTS `pitch_certile_scores` (
  `id` int(11) NOT NULL AUTO_INCREMENT,
  `age` varchar(8) NOT NULL,
  `gender` varchar(6) NOT NULL,
  `score` varchar(8) NOT NULL,
  `certile` int(5) NOT NULL,
  PRIMARY KEY (`id`)
) ENGINE=MyISAM  DEFAULT CHARSET=latin1 AUTO_INCREMENT=3 ;

--
-- Dumping data for table `pitch_certile_scores`
--

INSERT INTO `pitch_certile_scores` (`id`, `age`, `gender`, `score`, `certile`) VALUES
(1, '15-20', 'male', '1-5', 34),
(2, '21-30', 'female', '5-10', 34);

-- --------------------------------------------------------

--
-- Table structure for table `pitch_employees`
--

CREATE TABLE IF NOT EXISTS `pitch_employees` (
  `id` int(11) NOT NULL AUTO_INCREMENT,
  `firstname` varchar(25) NOT NULL,
  `lastname` varchar(25) NOT NULL,
  `username` varchar(25) NOT NULL,
  `passwd` varchar(50) NOT NULL,
  `avathar` varchar(100) DEFAULT NULL,
  `addeddate` datetime DEFAULT NULL,
  `role` varchar(5) NOT NULL,
  `active` tinyint(1) DEFAULT NULL,
  PRIMARY KEY (`id`),
  UNIQUE KEY `username` (`username`)
) ENGINE=InnoDB  DEFAULT CHARSET=utf8 AUTO_INCREMENT=6 ;

--
-- Dumping data for table `pitch_employees`
--

INSERT INTO `pitch_employees` (`id`, `firstname`, `lastname`, `username`, `passwd`, `avathar`, `addeddate`, `role`, `active`) VALUES
(3, 'aims', 'admin', 'aimadmin', '534bd18ed33f9386e42a3f33cad6dcc3', NULL, '2016-08-20 00:00:00', '', 1),
(4, 'dev', 'test', 'devtest', '90578217a199f05f32833d8ced80fb2e', 'NULL', '2016-08-20 00:00:00', 'admin', 1),
(5, 'test', 'dev', 'testdev', '90578217a199f05f32833d8ced80fb2e', 'NULL', '2016-08-20 00:00:00', 'staff', 1);

-- --------------------------------------------------------

--
-- Table structure for table `pitch_questions`
--

CREATE TABLE IF NOT EXISTS `pitch_questions` (
  `id` int(11) NOT NULL AUTO_INCREMENT,
  `questioncode` varchar(15) NOT NULL,
  `serial_number` varchar(15) NOT NULL,
  `questionname` varchar(100) DEFAULT NULL,
  `questiondesc` varchar(255) DEFAULT NULL,
  `questiontype` varchar(8) NOT NULL,
  `audiopath` varchar(255) NOT NULL,
  `audiofilename` varchar(100) NOT NULL,
  `answer` int(2) NOT NULL,
  `active` tinyint(1) DEFAULT '1',
  `addeddate` datetime DEFAULT NULL,
  `includeinscoring` tinyint(1) DEFAULT '1',
  `show_or_hide` tinyint(1) NOT NULL DEFAULT '1',
  PRIMARY KEY (`id`),
  UNIQUE KEY `questioncode` (`questioncode`)
) ENGINE=InnoDB  DEFAULT CHARSET=utf8 AUTO_INCREMENT=14 ;

--
-- Dumping data for table `pitch_questions`
--

INSERT INTO `pitch_questions` (`id`, `questioncode`, `serial_number`, `questionname`, `questiondesc`, `questiontype`, `audiopath`, `audiofilename`, `answer`, `active`, `addeddate`, `includeinscoring`, `show_or_hide`) VALUES
(1, 'Practice Item1', '', NULL, NULL, 'practice', 'uploads/20170812/20170812122644.mp3', '20170812122644.mp3', 2, 1, '2017-08-12 12:08:44', 1, 1),
(2, 'Practice Item2', '', NULL, NULL, 'practice', 'uploads/20170812/20170812122708.mp3', '20170812122708.mp3', 1, 1, '2017-08-12 12:08:08', 1, 1),
(3, 'Example 1', '', NULL, NULL, 'practice', 'uploads/20170812/20170812122730.mp3', '20170812122730.mp3', 2, 1, '2017-08-12 12:08:30', 1, 1),
(4, 'Example 2', '', NULL, NULL, 'practice', 'uploads/20170812/20170812122750.mp3', '20170812122750.mp3', 2, 1, '2017-08-12 12:08:50', 1, 1),
(5, 'Practice Item 1', '', NULL, NULL, 'practice', 'uploads/20170812/20170812122834.mp3', '20170812122834.mp3', 1, 1, '2017-08-12 12:08:34', 1, 1),
(6, 'Practice Item 2', '', NULL, NULL, 'practice', 'uploads/20170812/20170812122902.mp3', '20170812122902.mp3', 2, 1, '2017-08-12 12:08:02', 1, 1),
(7, 'Practice Item 3', '', NULL, NULL, 'practice', 'uploads/20170812/20170812122942.mp3', '20170812122942.mp3', 2, 1, '2017-08-12 12:08:42', 1, 1),
(8, 'Item Code 1', '2', NULL, NULL, 'test', 'uploads/20170812/20170812124738.wav', '20170812124738.wav', 2, 1, '2017-08-12 12:08:38', 1, 1),
(9, 'Item Code 2', '1', NULL, NULL, 'test', 'uploads/20170812/20170812124754.wav', '20170812124754.wav', 2, 1, '2017-08-12 12:08:54', 1, 1),
(10, 'Item Code 3', '2a', NULL, NULL, 'test', 'uploads/20170817/20170817083934.wav', '20170817083934.wav', 1, 1, '2017-08-17 08:08:34', 1, 1),
(11, 'Item Code 4', '3', NULL, NULL, 'test', 'uploads/20170818/20170818145409.wav', '20170818145409.wav', 2, 1, '2017-08-18 14:08:09', 1, 1),
(12, 'Item Code 5', '4', NULL, NULL, 'test', 'uploads/20170819/20170819035916.wav', '20170819035916.wav', 1, 1, '2017-08-19 03:08:16', 1, 1),
(13, 'Item Code 6', '5', NULL, NULL, 'test', 'uploads/20170819/20170819035941.wav', '20170819035941.wav', 2, 1, '2017-08-19 03:08:41', 1, 1);

-- --------------------------------------------------------

--
-- Table structure for table `pitch_questions_order`
--

CREATE TABLE IF NOT EXISTS `pitch_questions_order` (
  `id` int(11) NOT NULL AUTO_INCREMENT,
  `question_order` varchar(8000) NOT NULL,
  `type` varchar(10) NOT NULL,
  PRIMARY KEY (`id`)
) ENGINE=MyISAM  DEFAULT CHARSET=latin1 AUTO_INCREMENT=2 ;

--
-- Dumping data for table `pitch_questions_order`
--

INSERT INTO `pitch_questions_order` (`id`, `question_order`, `type`) VALUES
(1, 'a:1:{s:4:"test";a:6:{i:0;s:2:"10";i:1;s:1:"8";i:2;i:11;i:3;s:1:"9";i:4;i:12;i:5;i:13;}}', 'questions');

-- --------------------------------------------------------

--
-- Table structure for table `pitch_subscores`
--

CREATE TABLE IF NOT EXISTS `pitch_subscores` (
  `id` int(11) NOT NULL AUTO_INCREMENT,
  `questions` varchar(7) NOT NULL,
  `score_range` varchar(15) NOT NULL,
  `subscore_status` tinyint(1) NOT NULL,
  PRIMARY KEY (`id`)
) ENGINE=MyISAM  DEFAULT CHARSET=latin1 AUTO_INCREMENT=3 ;

--
-- Dumping data for table `pitch_subscores`
--

INSERT INTO `pitch_subscores` (`id`, `questions`, `score_range`, `subscore_status`) VALUES
(1, '4', '1-3', 1),
(2, '4', '1-3', 1);

-- --------------------------------------------------------

--
-- Table structure for table `pitch_subscore_checkbox`
--

CREATE TABLE IF NOT EXISTS `pitch_subscore_checkbox` (
  `id` int(11) NOT NULL AUTO_INCREMENT,
  `subscore_check` tinyint(11) DEFAULT NULL,
  PRIMARY KEY (`id`)
) ENGINE=MyISAM  DEFAULT CHARSET=utf8 AUTO_INCREMENT=2 ;

--
-- Dumping data for table `pitch_subscore_checkbox`
--

INSERT INTO `pitch_subscore_checkbox` (`id`, `subscore_check`) VALUES
(1, 1);

-- --------------------------------------------------------

--
-- Table structure for table `pitch_user_answers`
--

CREATE TABLE IF NOT EXISTS `pitch_user_answers` (
  `id` int(11) NOT NULL AUTO_INCREMENT,
  `userid` int(11) NOT NULL,
  `questionid` int(11) NOT NULL,
  `optionid` int(11) NOT NULL,
  `addeddate` datetime DEFAULT NULL,
  PRIMARY KEY (`id`),
  KEY `userid` (`userid`),
  KEY `questionid` (`questionid`),
  KEY `optionid` (`optionid`)
) ENGINE=InnoDB  DEFAULT CHARSET=utf8 AUTO_INCREMENT=43 ;

--
-- Dumping data for table `pitch_user_answers`
--

INSERT INTO `pitch_user_answers` (`id`, `userid`, `questionid`, `optionid`, `addeddate`) VALUES
(1, 4, 3, 2, '2017-09-20 07:01:03'),
(2, 4, 4, 1, '2017-09-20 07:01:07'),
(3, 4, 5, 1, '2017-09-20 07:01:49'),
(4, 4, 6, 2, '2017-09-20 07:02:21'),
(5, 4, 7, 1, '2017-09-20 07:02:42'),
(6, 7, 1, 1, '2017-09-25 05:49:08'),
(7, 7, 2, 1, '2017-09-25 05:49:22'),
(8, 7, 10, 1, '2017-09-25 05:50:15'),
(9, 7, 8, 1, '2017-09-25 05:50:25'),
(10, 7, 11, 1, '2017-09-25 05:50:36'),
(11, 7, 9, 1, '2017-09-25 05:50:46'),
(12, 8, 3, 1, '2017-09-26 04:35:11'),
(13, 8, 4, 2, '2017-09-26 04:35:16'),
(14, 8, 5, 1, '2017-09-26 04:35:55'),
(15, 8, 6, 2, '2017-09-26 04:36:09'),
(16, 8, 7, 1, '2017-09-26 04:36:22'),
(17, 8, 10, 2, '2017-09-26 04:37:22'),
(18, 8, 8, 1, '2017-09-26 04:37:33'),
(19, 8, 11, 2, '2017-09-26 04:37:43'),
(20, 8, 9, 1, '2017-09-26 04:37:54'),
(21, 9, 3, 1, '2017-09-26 04:47:52'),
(22, 9, 4, 1, '2017-09-26 04:48:01'),
(23, 9, 5, 1, '2017-09-26 04:48:41'),
(24, 9, 6, 1, '2017-09-26 04:48:54'),
(25, 9, 7, 2, '2017-09-26 04:49:08'),
(26, 9, 10, 1, '2017-09-26 04:49:52'),
(27, 9, 8, 1, '2017-09-26 04:50:06'),
(28, 9, 11, 2, '2017-09-26 04:50:18'),
(29, 9, 9, 1, '2017-09-26 04:50:29'),
(30, 9, 12, 2, '2017-09-26 04:50:40'),
(31, 9, 13, 2, '2017-09-26 04:50:53'),
(32, 10, 3, 2, '2017-09-27 03:27:14'),
(33, 10, 4, 1, '2017-09-27 03:27:20'),
(34, 10, 5, 2, '2017-09-27 03:28:22'),
(35, 10, 6, 1, '2017-09-27 03:28:37'),
(36, 10, 7, 1, '2017-09-27 03:28:51'),
(37, 10, 10, 1, '2017-09-27 03:29:43'),
(38, 10, 8, 2, '2017-09-27 03:29:54'),
(39, 10, 11, 1, '2017-09-27 03:30:05'),
(40, 10, 9, 1, '2017-09-27 03:30:16'),
(41, 10, 12, 1, '2017-09-27 03:30:27'),
(42, 10, 13, 2, '2017-09-27 03:30:37');

-- --------------------------------------------------------

--
-- Table structure for table `time_certile_scores`
--

CREATE TABLE IF NOT EXISTS `time_certile_scores` (
  `id` int(11) NOT NULL AUTO_INCREMENT,
  `age` varchar(8) NOT NULL,
  `gender` varchar(6) NOT NULL,
  `score` varchar(8) NOT NULL,
  `certile` int(5) NOT NULL,
  PRIMARY KEY (`id`)
) ENGINE=MyISAM  DEFAULT CHARSET=latin1 AUTO_INCREMENT=3 ;

--
-- Dumping data for table `time_certile_scores`
--

INSERT INTO `time_certile_scores` (`id`, `age`, `gender`, `score`, `certile`) VALUES
(1, '25-50', 'female', '1-10', 3),
(2, '10-24', 'male', '3-6', 3);

-- --------------------------------------------------------

--
-- Table structure for table `time_employees`
--

CREATE TABLE IF NOT EXISTS `time_employees` (
  `id` int(11) NOT NULL AUTO_INCREMENT,
  `firstname` varchar(25) NOT NULL,
  `lastname` varchar(25) NOT NULL,
  `username` varchar(25) NOT NULL,
  `passwd` varchar(50) NOT NULL,
  `avathar` varchar(100) DEFAULT NULL,
  `addeddate` datetime DEFAULT NULL,
  `role` varchar(5) NOT NULL,
  `active` tinyint(1) DEFAULT NULL,
  PRIMARY KEY (`id`),
  UNIQUE KEY `username` (`username`)
) ENGINE=InnoDB  DEFAULT CHARSET=utf8 AUTO_INCREMENT=6 ;

--
-- Dumping data for table `time_employees`
--

INSERT INTO `time_employees` (`id`, `firstname`, `lastname`, `username`, `passwd`, `avathar`, `addeddate`, `role`, `active`) VALUES
(3, 'aims', 'admin', 'aimadmin', '534bd18ed33f9386e42a3f33cad6dcc3', NULL, '2016-08-20 00:00:00', '', 1),
(4, 'dev', 'test', 'devtest', '90578217a199f05f32833d8ced80fb2e', 'NULL', '2016-08-20 00:00:00', 'admin', 1),
(5, 'test', 'dev', 'testdev', '90578217a199f05f32833d8ced80fb2e', 'NULL', '2016-08-20 00:00:00', 'staff', 1);

-- --------------------------------------------------------

--
-- Table structure for table `time_questions`
--

CREATE TABLE IF NOT EXISTS `time_questions` (
  `id` int(11) NOT NULL AUTO_INCREMENT,
  `questioncode` varchar(15) NOT NULL,
  `serial_number` varchar(15) NOT NULL,
  `questionname` varchar(100) DEFAULT NULL,
  `questiondesc` varchar(255) DEFAULT NULL,
  `questiontype` varchar(8) NOT NULL,
  `audiopath` varchar(255) NOT NULL,
  `audiofilename` varchar(100) NOT NULL,
  `answer` int(2) NOT NULL,
  `active` tinyint(1) DEFAULT '1',
  `addeddate` datetime DEFAULT NULL,
  `includeinscoring` tinyint(1) DEFAULT '1',
  `show_or_hide` tinyint(1) NOT NULL DEFAULT '1',
  PRIMARY KEY (`id`),
  UNIQUE KEY `questioncode` (`questioncode`)
) ENGINE=InnoDB  DEFAULT CHARSET=utf8 AUTO_INCREMENT=14 ;

--
-- Dumping data for table `time_questions`
--

INSERT INTO `time_questions` (`id`, `questioncode`, `serial_number`, `questionname`, `questiondesc`, `questiontype`, `audiopath`, `audiofilename`, `answer`, `active`, `addeddate`, `includeinscoring`, `show_or_hide`) VALUES
(1, 'Practice Item1', '', NULL, NULL, 'practice', 'uploads/20170812/20170812122644.mp3', '20170812122644.mp3', 2, 1, '2017-08-12 12:08:44', 1, 1),
(2, 'Practice Item2', '', NULL, NULL, 'practice', 'uploads/20170812/20170812122708.mp3', '20170812122708.mp3', 1, 1, '2017-08-12 12:08:08', 1, 1),
(3, 'Example 1', '', NULL, NULL, 'practice', 'uploads/20170812/20170812122730.mp3', '20170812122730.mp3', 2, 1, '2017-08-12 12:08:30', 1, 1),
(4, 'Example 2', '', NULL, NULL, 'practice', 'uploads/20170812/20170812122750.mp3', '20170812122750.mp3', 2, 1, '2017-08-12 12:08:50', 1, 1),
(5, 'Practice Item 1', '', NULL, NULL, 'practice', 'uploads/20170812/20170812122834.mp3', '20170812122834.mp3', 1, 1, '2017-08-12 12:08:34', 1, 1),
(6, 'Practice Item 2', '', NULL, NULL, 'practice', 'uploads/20170812/20170812122902.mp3', '20170812122902.mp3', 2, 1, '2017-08-12 12:08:02', 1, 1),
(7, 'Practice Item 3', '', NULL, NULL, 'practice', 'uploads/20170812/20170812122942.mp3', '20170812122942.mp3', 2, 1, '2017-08-12 12:08:42', 1, 1),
(8, 'Item Code 1', '2', NULL, NULL, 'test', 'uploads/20170812/20170812124738.wav', '20170812124738.wav', 2, 1, '2017-08-12 12:08:38', 1, 1),
(9, 'Item Code 2', '1', NULL, NULL, 'test', 'uploads/20170812/20170812124754.wav', '20170812124754.wav', 2, 1, '2017-08-12 12:08:54', 1, 1),
(10, 'Item Code 3', '2a', NULL, NULL, 'test', 'uploads/20170817/20170817083934.wav', '20170817083934.wav', 1, 1, '2017-08-17 08:08:34', 1, 1),
(11, 'Item Code 4', '3', NULL, NULL, 'test', 'uploads/20170818/20170818145409.wav', '20170818145409.wav', 2, 1, '2017-08-18 14:08:09', 1, 1),
(12, 'Item Code 5', '4', NULL, NULL, 'test', 'uploads/20170819/20170819035916.wav', '20170819035916.wav', 1, 1, '2017-08-19 03:08:16', 1, 1),
(13, 'Item Code 6', '5', NULL, NULL, 'test', 'uploads/20170819/20170819035941.wav', '20170819035941.wav', 2, 1, '2017-08-19 03:08:41', 1, 1);

-- --------------------------------------------------------

--
-- Table structure for table `time_questions_order`
--

CREATE TABLE IF NOT EXISTS `time_questions_order` (
  `id` int(11) NOT NULL AUTO_INCREMENT,
  `question_order` varchar(8000) NOT NULL,
  `type` varchar(10) NOT NULL,
  PRIMARY KEY (`id`)
) ENGINE=MyISAM  DEFAULT CHARSET=latin1 AUTO_INCREMENT=2 ;

--
-- Dumping data for table `time_questions_order`
--

INSERT INTO `time_questions_order` (`id`, `question_order`, `type`) VALUES
(1, 'a:1:{s:4:"test";a:6:{i:0;s:2:"10";i:1;s:1:"8";i:2;i:11;i:3;s:1:"9";i:4;i:12;i:5;i:13;}}', 'questions');

-- --------------------------------------------------------

--
-- Table structure for table `time_subscores`
--

CREATE TABLE IF NOT EXISTS `time_subscores` (
  `id` int(11) NOT NULL AUTO_INCREMENT,
  `questions` varchar(7) NOT NULL,
  `score_range` varchar(15) NOT NULL,
  `subscore_status` tinyint(1) NOT NULL,
  PRIMARY KEY (`id`)
) ENGINE=MyISAM  DEFAULT CHARSET=latin1 AUTO_INCREMENT=5 ;

--
-- Dumping data for table `time_subscores`
--

INSERT INTO `time_subscores` (`id`, `questions`, `score_range`, `subscore_status`) VALUES
(1, '4', '1-3', 1),
(2, '5', '4-2', 1),
(3, '4', '1-3', 1),
(4, '7', '2-6', 0);

-- --------------------------------------------------------

--
-- Table structure for table `time_subscore_checkbox`
--

CREATE TABLE IF NOT EXISTS `time_subscore_checkbox` (
  `id` int(11) NOT NULL AUTO_INCREMENT,
  `subscore_check` tinyint(11) DEFAULT NULL,
  PRIMARY KEY (`id`)
) ENGINE=MyISAM  DEFAULT CHARSET=utf8 AUTO_INCREMENT=2 ;

--
-- Dumping data for table `time_subscore_checkbox`
--

INSERT INTO `time_subscore_checkbox` (`id`, `subscore_check`) VALUES
(1, 1);

-- --------------------------------------------------------

--
-- Table structure for table `time_user_answers`
--

CREATE TABLE IF NOT EXISTS `time_user_answers` (
  `id` int(11) NOT NULL AUTO_INCREMENT,
  `userid` int(11) NOT NULL,
  `questionid` int(11) NOT NULL,
  `optionid` int(11) NOT NULL,
  `addeddate` datetime DEFAULT NULL,
  PRIMARY KEY (`id`),
  KEY `userid` (`userid`),
  KEY `questionid` (`questionid`),
  KEY `optionid` (`optionid`)
) ENGINE=InnoDB  DEFAULT CHARSET=utf8 AUTO_INCREMENT=77 ;

--
-- Dumping data for table `time_user_answers`
--

INSERT INTO `time_user_answers` (`id`, `userid`, `questionid`, `optionid`, `addeddate`) VALUES
(1, 1, 1, 1, '2017-09-18 23:07:20'),
(2, 3, 1, 2, '2017-09-18 23:07:43'),
(3, 3, 2, 1, '2017-09-18 23:07:58'),
(4, 1, 2, 1, '2017-09-18 23:08:11'),
(5, 3, 10, 1, '2017-09-18 23:22:55'),
(6, 3, 8, 1, '2017-09-18 23:23:06'),
(7, 3, 11, 1, '2017-09-18 23:23:23'),
(8, 3, 9, 1, '2017-09-18 23:23:33'),
(9, 3, 1, 1, '2017-09-18 23:48:54'),
(10, 3, 3, 2, '2017-09-19 22:50:57'),
(11, 3, 4, 1, '2017-09-19 22:51:45'),
(12, 3, 1, 1, '2017-09-19 22:53:54'),
(13, 3, 2, 1, '2017-09-19 22:54:09'),
(14, 3, 10, 1, '2017-09-19 22:55:34'),
(15, 3, 8, 1, '2017-09-19 22:55:49'),
(16, 3, 11, 1, '2017-09-19 22:56:01'),
(17, 3, 9, 1, '2017-09-19 22:56:12'),
(18, 3, 12, 1, '2017-09-19 22:56:26'),
(19, 3, 1, 1, '2017-09-20 00:11:47'),
(20, 3, 2, 1, '2017-09-20 00:12:10'),
(21, 3, 1, 2, '2017-09-20 00:51:02'),
(22, 3, 2, 1, '2017-09-20 00:52:28'),
(23, 3, 1, 1, '2017-09-20 00:57:16'),
(24, 3, 2, 1, '2017-09-20 00:57:30'),
(25, 3, 10, 1, '2017-09-20 00:59:06'),
(26, 3, 8, 1, '2017-09-20 00:59:16'),
(27, 3, 11, 1, '2017-09-20 00:59:27'),
(28, 3, 10, 1, '2017-09-20 01:01:07'),
(29, 3, 8, 2, '2017-09-20 01:01:17'),
(30, 3, 11, 1, '2017-09-20 01:01:28'),
(31, 3, 10, 1, '2017-09-20 01:02:42'),
(32, 3, 8, 2, '2017-09-20 01:02:52'),
(33, 3, 1, 1, '2017-09-20 01:05:27'),
(34, 3, 2, 1, '2017-09-20 01:05:40'),
(35, 3, 10, 1, '2017-09-20 01:08:16'),
(36, 3, 8, 1, '2017-09-20 01:08:26'),
(37, 3, 11, 1, '2017-09-20 01:08:59'),
(38, 3, 9, 1, '2017-09-20 01:09:09'),
(39, 3, 1, 1, '2017-09-20 04:56:01'),
(40, 3, 2, 1, '2017-09-20 04:56:22'),
(41, 3, 10, 1, '2017-09-20 04:57:09'),
(42, 3, 8, 2, '2017-09-20 04:57:23'),
(43, 3, 11, 2, '2017-09-20 04:57:33'),
(44, 3, 9, 2, '2017-09-20 04:57:44'),
(45, 3, 12, 2, '2017-09-20 04:57:55'),
(46, 3, 1, 2, '2017-09-20 05:01:38'),
(47, 3, 2, 1, '2017-09-20 05:01:50'),
(48, 3, 10, 1, '2017-09-20 05:02:15'),
(49, 3, 8, 1, '2017-09-20 05:02:26'),
(50, 3, 11, 1, '2017-09-20 05:02:36'),
(51, 3, 9, 2, '2017-09-20 05:02:47'),
(52, 3, 12, 2, '2017-09-20 05:02:57'),
(53, 3, 1, 2, '2017-09-20 05:10:44'),
(54, 3, 2, 1, '2017-09-20 05:10:57'),
(55, 3, 10, 1, '2017-09-20 05:11:56'),
(56, 1, 1, 1, '2017-09-20 05:38:59'),
(57, 1, 2, 2, '2017-09-20 05:39:24'),
(58, 4, 1, 1, '2017-09-21 03:04:16'),
(59, 7, 3, 1, '2017-09-25 05:52:14'),
(60, 7, 4, 2, '2017-09-25 05:52:27'),
(61, 7, 5, 1, '2017-09-25 05:53:09'),
(62, 7, 6, 2, '2017-09-25 05:53:23'),
(63, 7, 7, 1, '2017-09-25 05:53:35'),
(64, 7, 10, 1, '2017-09-25 05:54:35'),
(65, 7, 8, 1, '2017-09-25 05:54:46'),
(66, 7, 11, 1, '2017-09-25 05:54:58'),
(67, 7, 9, 1, '2017-09-25 05:55:09'),
(68, 11, 3, 2, '2017-09-27 05:50:38'),
(69, 11, 4, 1, '2017-09-27 05:50:47'),
(70, 11, 5, 1, '2017-09-27 05:51:27'),
(71, 11, 6, 2, '2017-09-27 05:51:41'),
(72, 11, 7, 2, '2017-09-27 05:51:54'),
(73, 11, 10, 2, '2017-09-27 05:52:47'),
(74, 11, 8, 1, '2017-09-27 05:52:59'),
(75, 11, 11, 1, '2017-09-27 05:53:10'),
(76, 11, 9, 2, '2017-09-27 05:53:22');

-- --------------------------------------------------------

--
-- Table structure for table `users`
--

CREATE TABLE IF NOT EXISTS `users` (
  `id` int(11) NOT NULL AUTO_INCREMENT,
  `firstname` varchar(30) NOT NULL,
  `lastname` varchar(30) NOT NULL,
  `age` varchar(6) DEFAULT NULL,
  `gender` varchar(6) NOT NULL,
  `filenumber` varchar(30) NOT NULL,
  `addeddate` datetime NOT NULL,
  `pitch_completed_date` date NOT NULL,
  `time_completed_date` date NOT NULL,
  `tonal_completed_date` date NOT NULL,
  `active` tinyint(1) DEFAULT '1',
  `status` tinyint(1) NOT NULL,
  PRIMARY KEY (`id`),
  UNIQUE KEY `filenumber` (`filenumber`)
) ENGINE=InnoDB  DEFAULT CHARSET=utf8 AUTO_INCREMENT=12 ;

--
-- Dumping data for table `users`
--

INSERT INTO `users` (`id`, `firstname`, `lastname`, `age`, `gender`, `filenumber`, `addeddate`, `pitch_completed_date`, `time_completed_date`, `tonal_completed_date`, `active`, `status`) VALUES
(1, 'shaik', 'abdullah', '28', 'Male', '103B-D-2017-10', '2017-09-20 05:27:41', '2010-02-02', '0000-00-00', '0000-00-00', 1, 1),
(2, 'hai', 'hallo', '24', 'Male', '1234', '2017-09-20 05:54:55', '0000-00-00', '2022-11-12', '0000-00-00', 1, 0),
(3, 'hai', 'hello', '26', 'Male', '103B-D-2017-56', '2017-09-20 06:57:36', '2002-02-11', '2010-02-02', '0000-00-00', 1, 1),
(4, 'hai', 'hallo', '34', 'Female', '103B-D-2017-1', '2017-09-20 06:59:43', '2010-02-02', '2010-02-02', '0000-00-00', 1, 1),
(5, 'last', 'first', '23', 'Male', '103B-D-2017-23', '2017-09-21 23:02:29', '2010-02-02', '2010-02-02', '2020-11-12', 1, 1),
(6, 'last', 'first', '45', 'Female', '103B-D-2017-456', '2017-09-21 23:05:09', '2011-09-12', '2010-02-02', '2010-02-02', 1, 1),
(7, 'hai', 'hallo', '27', 'Male', '103B-D-2017-3', '2017-09-25 05:47:46', '2022-11-12', '2017-09-25', '0000-00-00', 1, 2),
(8, 'last', 'first', '23', 'Male', '103B-D-2017-4', '2017-09-26 04:34:02', '0000-00-00', '0000-00-00', '0000-00-00', 1, 1),
(9, 'test', 'testing', '26', 'Female', '103B-D-2017-5', '2017-09-26 04:46:24', '2022-11-12', '0000-00-00', '0000-00-00', 1, 1),
(10, 'naveen', 'see', '34', 'Female', '103B-D-2017-7', '2017-09-27 03:26:11', '0000-00-00', '0000-00-00', '0000-00-00', 1, 1),
(11, 'chatra', 'pati', '30', 'Male', '103B-D-2017-8', '2017-09-27 05:48:14', '0000-00-00', '2017-09-27', '0000-00-00', 1, 2);

--
-- Constraints for dumped tables
--

--
-- Constraints for table `pitch_user_answers`
--
ALTER TABLE `pitch_user_answers`
  ADD CONSTRAINT `pitch_user_answers_ibfk_1` FOREIGN KEY (`userid`) REFERENCES `users` (`id`),
  ADD CONSTRAINT `pitch_user_answers_ibfk_2` FOREIGN KEY (`questionid`) REFERENCES `pitch_questions` (`id`);

/*!40101 SET CHARACTER_SET_CLIENT=@OLD_CHARACTER_SET_CLIENT */;
/*!40101 SET CHARACTER_SET_RESULTS=@OLD_CHARACTER_SET_RESULTS */;
/*!40101 SET COLLATION_CONNECTION=@OLD_COLLATION_CONNECTION */;
